RequestID,Status,Duration_ms,RateLimited
1,429,131,1
2,429,100,1
3,429,100,1
4,429,99,1
5,429,99,1
6,429,98,1
7,429,99,1
8,429,98,1
9,429,99,1
10,429,97,1
11,429,97,1
12,429,97,1
13,429,97,1
14,429,97,1
15,429,96,1
16,429,96,1
17,429,97,1
18,429,97,1
19,429,97,1
20,429,97,1
21,429,96,1
22,429,97,1
23,429,97,1
24,429,97,1
25,429,97,1
26,429,97,1
27,429,98,1
28,429,97,1
29,429,98,1
30,429,98,1
31,429,98,1
32,429,98,1
33,429,98,1
34,429,99,1
35,429,98,1
36,429,98,1
37,429,98,1
38,429,98,1
39,429,99,1
40,429,99,1
41,429,99,1
42,429,98,1
43,429,99,1
44,429,100,1
45,429,100,1
46,429,100,1
47,429,100,1
48,429,99,1
49,429,99,1
50,429,99,1
51,429,100,1
52,429,99,1
53,429,99,1
54,429,99,1
55,429,99,1
56,429,99,1
57,429,98,1
58,429,99,1
59,429,99,1
60,429,99,1
61,429,99,1
62,429,98,1
63,429,98,1
64,429,98,1
65,429,98,1
66,429,99,1
67,429,99,1
68,429,97,1
69,429,97,1
70,429,97,1
71,429,97,1
72,429,98,1
73,429,97,1
74,429,97,1
75,429,97,1
76,429,97,1
77,429,98,1
78,429,98,1
79,429,98,1
80,429,97,1
81,429,97,1
82,429,97,1
83,429,97,1
84,429,97,1
85,429,98,1
86,429,97,1
87,429,97,1
88,429,97,1
89,429,97,1
90,429,98,1
91,429,98,1
92,429,97,1
93,429,97,1
94,429,97,1
95,429,97,1
96,429,97,1
97,429,97,1
98,429,98,1
99,429,97,1
100,429,97,1
101,429,97,1
102,429,97,1
103,429,97,1
104,429,97,1
105,429,97,1
106,429,97,1
107,429,97,1
108,429,95,1
109,429,96,1
110,429,96,1
111,429,95,1
112,429,96,1
113,429,96,1
114,429,96,1
115,429,97,1
116,429,97,1
117,429,96,1
118,429,96,1
119,429,97,1
120,429,97,1
121,429,97,1
122,429,98,1
123,429,98,1
124,429,98,1
125,429,98,1
126,429,98,1
127,429,98,1
128,429,99,1
129,429,99,1
130,429,99,1
131,429,99,1
132,429,99,1
133,429,99,1
134,429,99,1
135,429,99,1
136,429,100,1
137,429,100,1
138,429,100,1
139,429,99,1
140,429,100,1
141,429,100,1
142,429,100,1
143,429,101,1
144,429,101,1
145,429,102,1
146,429,102,1
147,429,102,1
148,429,103,1
149,429,103,1
150,429,104,1
151,429,102,1
152,429,102,1
153,429,103,1
154,429,103,1
155,429,103,1
156,429,103,1
157,429,103,1
158,429,103,1
159,429,104,1
160,429,104,1
161,429,104,1
162,429,106,1
163,429,106,1
164,429,105,1
165,429,105,1
166,429,105,1
167,429,106,1
168,429,106,1
169,429,106,1
170,429,106,1
171,429,107,1
172,429,107,1
173,429,106,1
174,429,107,1
175,429,107,1
176,429,107,1
177,429,107,1
178,429,108,1
179,429,108,1
180,429,108,1
181,429,108,1
182,429,109,1
183,429,109,1
184,429,109,1
185,429,109,1
186,429,110,1
187,429,110,1
188,429,110,1
189,429,111,1
190,429,111,1
191,429,112,1
192,429,112,1
193,429,112,1
194,429,111,1
195,429,112,1
196,429,112,1
197,429,112,1
198,429,113,1
199,429,113,1
200,429,113,1
201,429,113,1
202,429,114,1
203,429,114,1
204,429,113,1
205,429,114,1
206,429,114,1
207,429,114,1
208,429,115,1
209,429,115,1
210,429,115,1
211,429,115,1
212,429,116,1
213,429,115,1
214,429,115,1
215,429,116,1
216,429,116,1
217,429,116,1
218,429,116,1
219,429,117,1
220,429,117,1
221,429,116,1
222,429,117,1
223,429,117,1
224,429,117,1
225,429,118,1
226,429,118,1
227,429,119,1
228,429,118,1
229,429,118,1
230,429,118,1
231,429,119,1
232,429,119,1
233,429,119,1
234,429,120,1
235,429,121,1
236,429,121,1
237,429,121,1
238,429,120,1
239,429,120,1
240,429,121,1
241,429,121,1
242,429,121,1
243,429,122,1
244,429,122,1
245,429,123,1
246,429,123,1
247,429,122,1
248,429,123,1
249,429,123,1
250,429,123,1